CAM1-GOPR0333-21157.mp4,CAM2-GOPR0288-21180.mp4,CAM3-GOPR0342-21108.mp4
CAM1-GOPR0333-25390.mp4,CAM2-GOPR0288-25413.mp4,CAM3-GOPR0342-25341.mp4
CAM1-GOPR0333-28114.mp4,CAM2-GOPR0288-28137.mp4,CAM3-GOPR0342-28065.mp4
CAM1-GOPR0333-31464.mp4,CAM2-GOPR0288-31487.mp4,CAM3-GOPR0342-31415.mp4
CAM1-GOPR0333-34217.mp4,CAM2-GOPR0288-34240.mp4,CAM3-GOPR0342-34168.mp4
CAM1-GOPR0334-6600.mp4,CAM2-GOPR0289-6563.mp4,CAM3-GOPR0343-6479.mp4
CAM1-GOPR0334-14238.mp4,CAM2-GOPR0289-14201.mp4,CAM3-GOPR0343-14117.mp4
CAM1-GOPR0334-16875.mp4,CAM2-GOPR0289-16838.mp4,CAM3-GOPR0343-16754.mp4
CAM1-GOPR0334-26813.mp4,CAM2-GOPR0289-26776.mp4,CAM3-GOPR0343-26692.mp4
CAM1-GOPR0334-36441.mp4,CAM2-GOPR0289-36404.mp4,CAM3-GOPR0343-36320.mp4
